Model,TumourType,Treatment,Treatment target,Treatment type,BestResponse,Day_BestResponse,BestAvgResponse,Day_BestAvgResponse,TimeToDouble,Day_Last,ResponseCategory
X-010,GC,untreated,"UNKNOWN,Untreated",single,244.3,24,19.3,12,16.9,33,PD
X-015,GC,untreated,"UNKNOWN,Untreated",single,148.0,24,24.4,12,20.4,71,PD
X-017,GC,untreated,"UNKNOWN,Untreated",single,25.4,12,12.7,12,90.5,130,SD
X-020,GC,untreated,"UNKNOWN,Untreated",single,22.1,46,31.1,12,58.3,130,PD
X-023,GC,untreated,"UNKNOWN,Untreated",single,39.4,21,17.5,14,23.4,35,PD
X-024,GC,untreated,"UNKNOWN,Untreated",single,226.6,20,52.6,13,9.8,31,PD
X-025,GC,untreated,"UNKNOWN,Untreated",single,46.1,25,19.0,18,25.0,165,PD
X-031,GC,untreated,"UNKNOWN,Untreated",single,-1.0,12,-0.5,12,69.3,130,SD-->PD
X-037,GC,untreated,"UNKNOWN,Untreated",single,147.3,36,41.0,12,18.6,90,PD
X-038,GC,untreated,"UNKNOWN,Untreated",single,145.8,21,41.0,12,12.9,60,PD
X-039,GC,untreated,"UNKNOWN,Untreated",single,341.9,21,118.9,14,5.0,24,PD
X-050,GC,untreated,"UNKNOWN,Untreated",single,237.0,21,46.0,11,11.9,46,PD
X-056,GC,untreated,"UNKNOWN,Untreated",single,155.8,24,42.2,12,19.8,66,PD
X-065,GC,untreated,"UNKNOWN,Untreated",single,402.7,36,43.3,12,13.0,68,PD
X-074,GC,untreated,"UNKNOWN,Untreated",single,101.8,21,24.9,14,14.9,42,PD
X-077,GC,untreated,"UNKNOWN,Untreated",single,100.1,27,54.4,13,16.5,82,PD
X-078,GC,untreated,"UNKNOWN,Untreated",single,314.4,21,61.7,14,11.1,28,PD
X-091,GC,untreated,"UNKNOWN,Untreated",single,21.3,12,10.7,12,49.0,130,SD-->PD
X-0933,CRC,untreated,"UNKNOWN,Untreated",single,183.2,21,59.0,14,9.9,36,PD
X-096,GC,untreated,"UNKNOWN,Untreated",single,251.3,21,77.1,14,8.5,28,PD
X-098,GC,untreated,"UNKNOWN,Untreated",single,326.9,25,104.1,12,7.1,33,PD
X-0991,PDAC,untreated,"UNKNOWN,Untreated",single,174.4,20,19.1,11,16.6,44,PD
X-1004,BRCA,untreated,"UNKNOWN,Untreated",single,241.1,20,43.7,13,13.6,29,PD
X-1008,BRCA,untreated,"UNKNOWN,Untreated",single,102.1,21,20.0,11,20.7,42,PD
X-101,GC,untreated,"UNKNOWN,Untreated",single,257.7,21,68.4,11,9.2,25,PD
X-1027,CRC,untreated,"UNKNOWN,Untreated",single,470.6,17,187.9,14,3.2,17,PD
X-105,GC,untreated,"UNKNOWN,Untreated",single,225.2,23,79.0,13,10.9,44,PD
X-1055,CRC,untreated,"UNKNOWN,Untreated",single,274.1,22,81.9,12,7.1,33,PD
X-1119,CRC,untreated,"UNKNOWN,Untreated",single,291.4,21,38.2,11,10.3,29,PD
X-114,GC,untreated,"UNKNOWN,Untreated",single,144.1,21,49.3,12,13.3,49,PD
X-1156,NSCLC,untreated,"UNKNOWN,Untreated",single,832.6,20,135.8,13,4.5,20,PD
X-1167,CRC,untreated,"UNKNOWN,Untreated",single,102.9,20,20.2,12,19.5,36,PD
X-1172,NSCLC,untreated,"UNKNOWN,Untreated",single,357.7,14,142.5,12,2.0,14,PD
X-1173,CRC,untreated,"UNKNOWN,Untreated",single,300.0,21,66.1,13,11.1,30,PD
X-1189,NSCLC,untreated,"UNKNOWN,Untreated",single,-45.2,34,-10.9,39,39.0,39,SD
X-1199,PDAC,untreated,"UNKNOWN,Untreated",single,23.5,27,15.8,14,47.9,70,SD-->PD
X-1228,NSCLC,untreated,"UNKNOWN,Untreated",single,99.1,20,52.2,11,20.1,39,PD
X-1270,CRC,untreated,"UNKNOWN,Untreated",single,25.6,18,16.5,14,26.0,56,SD-->PD
X-1286,BRCA,untreated,"UNKNOWN,Untreated",single,340.5,21,107.0,14,9.5,28,PD
X-1289,PDAC,untreated,"UNKNOWN,Untreated",single,221.5,23,41.0,12,11.0,33,PD
X-129,GC,untreated,"UNKNOWN,Untreated",single,132.2,20,32.6,13,17.3,31,PD
X-1290,CRC,untreated,"UNKNOWN,Untreated",single,425.9,21,77.8,13,9.3,30,PD
X-1298,BRCA,untreated,"UNKNOWN,Untreated",single,322.5,27,59.6,12,11.6,37,PD
X-1303,CRC,untreated,"UNKNOWN,Untreated",single,441.0,23,143.6,11,5.2,23,PD
X-1317,PDAC,untreated,"UNKNOWN,Untreated",single,256.7,18,46.8,11,11.1,18,PD
X-1323,NSCLC,untreated,"UNKNOWN,Untreated",single,387.8,20,94.9,13,5.8,22,PD
X-1329,CRC,untreated,"UNKNOWN,Untreated",single,353.7,23,75.6,15,8.1,29,PD
X-135,GC,untreated,"UNKNOWN,Untreated",single,96.3,20,24.4,13,21.1,55,PD
X-136,GC,untreated,"UNKNOWN,Untreated",single,62.8,21,18.5,14,24.7,42,PD
X-1362,PDAC,untreated,"UNKNOWN,Untreated",single,116.8,22,32.4,15,19.1,22,PD
X-137,GC,untreated,"UNKNOWN,Untreated",single,342.7,21,80.0,14,9.1,21,PD
X-1371,BRCA,untreated,"UNKNOWN,Untreated",single,384.6,20,77.9,13,9.8,21,PD
X-1383,BRCA,untreated,"UNKNOWN,Untreated",single,90.7,20,28.6,14,24.9,76,PD
X-1407,BRCA,untreated,"UNKNOWN,Untreated",single,189.1,20,43.2,14,14.9,34,PD
X-141,GC,untreated,"UNKNOWN,Untreated",single,-22.8,11,-10.9,18,49.5,112,SD-->PD
X-142,GC,untreated,"UNKNOWN,Untreated",single,316.4,21,70.6,13,9.7,42,PD
X-144,GC,untreated,"UNKNOWN,Untreated",single,766.0,13,264.3,13,4.6,13,PD
X-1441,CRC,untreated,"UNKNOWN,Untreated",single,148.5,21,49.0,14,15.1,49,PD
X-1442,NSCLC,untreated,"UNKNOWN,Untreated",single,111.8,13,62.3,13,12.2,13,PD
X-1443,CRC,untreated,"UNKNOWN,Untreated",single,-7.9,20,-2.1,20,40.8,61,SD-->PD
X-146,GC,untreated,"UNKNOWN,Untreated",single,13.7,53,34.6,11,16.3,88,PD
X-1468,BRCA,untreated,"UNKNOWN,Untreated",single,121.0,21,20.8,14,19.5,35,PD
X-1479,CRC,untreated,"UNKNOWN,Untreated",single,-4.1,11,-4.4,11,88.0,88,SD-->PD
X-1499,NSCLC,untreated,"UNKNOWN,Untreated",single,412.9,12,185.4,12,5.0,12,PD
X-1500,CRC,untreated,"UNKNOWN,Untreated",single,289.0,25,59.5,11,8.8,32,PD
X-1536,CRC,untreated,"UNKNOWN,Untreated",single,107.6,23,15.2,13,22.1,43,PD
X-1538,CRC,untreated,"UNKNOWN,Untreated",single,3.4,10,2.3,15,76.0,76,SD-->PD
X-154,GC,untreated,"UNKNOWN,Untreated",single,277.1,21,108.6,14,6.2,21,PD
X-158,GC,untreated,"UNKNOWN,Untreated",single,53.7,22,47.5,13,9.0,60,PD
X-1586,NSCLC,untreated,"UNKNOWN,Untreated",single,3.4,36,-0.7,15,58.3,70,SD-->PD
X-1600,BRCA,untreated,"UNKNOWN,Untreated",single,637.9,10,270.2,10,3.0,10,PD
X-161,GC,untreated,"UNKNOWN,Untreated",single,435.3,21,96.5,14,7.4,31,PD
X-162,GC,untreated,"UNKNOWN,Untreated",single,320.5,21,65.2,14,9.3,31,PD
X-1631,BRCA,untreated,"UNKNOWN,Untreated",single,402.6,21,59.8,11,10.7,21,PD
X-1655,CM,untreated,"UNKNOWN,Untreated",single,144.0,20,56.1,12,11.2,33,PD
X-1658,NSCLC,untreated,"UNKNOWN,Untreated",single,156.6,21,12.3,11,14.4,25,PD
X-166,GC,untreated,"UNKNOWN,Untreated",single,157.1,21,87.5,12,4.5,47,PD
X-1683,NSCLC,untreated,"UNKNOWN,Untreated",single,122.9,20,-13.2,11,17.5,39,PD
X-169,GC,untreated,"UNKNOWN,Untreated",single,25.2,49,14.1,12,74.0,74,SD-->PD
X-171,GC,untreated,"UNKNOWN,Untreated",single,821.7,20,183.9,13,4.3,20,PD
X-1725,NSCLC,untreated,"UNKNOWN,Untreated",single,292.6,21,105.8,14,7.6,29,PD
X-177,GC,untreated,"UNKNOWN,Untreated",single,324.2,20,95.6,13,6.2,23,PD
X-1787,NSCLC,untreated,"UNKNOWN,Untreated",single,622.4,20,127.6,13,6.5,20,PD
X-1823,NSCLC,untreated,"UNKNOWN,Untreated",single,-100.0,42,-30.3,100,7.3,100,PR
X-1828,BRCA,untreated,"UNKNOWN,Untreated",single,168.1,20,50.7,13,13.7,53,PD
X-1832,BRCA,untreated,"UNKNOWN,Untreated",single,215.1,22,82.0,12,8.2,33,PD
X-1834,NSCLC,untreated,"UNKNOWN,Untreated",single,54.5,21,19.7,14,31.3,55,PD
X-1835,NSCLC,untreated,"UNKNOWN,Untreated",single,396.2,25,44.6,15,12.5,29,PD
X-1855,CRC,untreated,"UNKNOWN,Untreated",single,124.4,21,31.9,14,16.3,38,PD
X-1869,NSCLC,untreated,"UNKNOWN,Untreated",single,565.5,11,213.6,11,4.4,11,PD
X-1870,NSCLC,untreated,"UNKNOWN,Untreated",single,-18.1,11,-11.2,11,48.8,110,SD-->PD
X-1906,CM,untreated,"UNKNOWN,Untreated",single,317.4,21,88.6,14,8.3,21,PD
X-1916,BRCA,untreated,"UNKNOWN,Untreated",single,293.7,21,44.9,11,11.2,28,PD
X-1921,BRCA,untreated,"UNKNOWN,Untreated",single,193.9,21,38.5,11,12.3,52,PD
X-1934,NSCLC,untreated,"UNKNOWN,Untreated",single,391.9,12,117.1,12,6.2,12,PD
X-1948,PDAC,untreated,"UNKNOWN,Untreated",single,27.6,19,6.0,13,29.7,71,SD-->PD
X-1980,NSCLC,untreated,"UNKNOWN,Untreated",single,133.3,20,34.5,13,13.1,34,PD
X-1993,NSCLC,untreated,"UNKNOWN,Untreated",single,238.3,21,24.9,11,11.0,31,PD
X-2017,NSCLC,untreated,"UNKNOWN,Untreated",single,361.0,21,104.1,14,8.4,29,PD
X-2026,PDAC,untreated,"UNKNOWN,Untreated",single,333.1,21,50.3,13,15.6,28,PD
X-2042,NSCLC,untreated,"UNKNOWN,Untreated",single,53.7,22,24.7,15,24.5,49,PD
X-2043,PDAC,untreated,"UNKNOWN,Untreated",single,310.5,22,77.3,11,6.4,24,PD
X-2081,PDAC,untreated,"UNKNOWN,Untreated",single,697.6,22,116.3,11,5.6,22,PD
X-2082,NSCLC,untreated,"UNKNOWN,Untreated",single,66.2,21,29.2,11,24.1,45,PD
X-2088,NSCLC,untreated,"UNKNOWN,Untreated",single,477.6,11,243.8,11,7.0,11,PD
X-2094,NSCLC,untreated,"UNKNOWN,Untreated",single,592.8,17,151.4,14,5.4,17,PD
X-2145,CRC,untreated,"UNKNOWN,Untreated",single,192.6,24,83.0,13,6.5,40,PD
X-2163,CM,untreated,"UNKNOWN,Untreated",single,183.8,23,70.8,12,10.9,30,PD
X-2182,CRC,untreated,"UNKNOWN,Untreated",single,336.3,21,55.2,12,10.6,21,PD
X-2195,BRCA,untreated,"UNKNOWN,Untreated",single,289.5,27,77.3,12,7.7,37,PD
X-2239,CRC,untreated,"UNKNOWN,Untreated",single,115.5,21,29.7,13,19.1,43,PD
X-2306,CM,untreated,"UNKNOWN,Untreated",single,241.6,20,62.0,12,8.5,27,PD
X-2339,PDAC,untreated,"UNKNOWN,Untreated",single,35.0,21,12.1,13,36.5,91,PD
X-2344,BRCA,untreated,"UNKNOWN,Untreated",single,276.1,13,113.1,13,7.0,13,PD
X-2353,BRCA,untreated,"UNKNOWN,Untreated",single,131.1,21,32.4,14,16.3,56,PD
X-2374,CRC,untreated,"UNKNOWN,Untreated",single,132.2,23,26.0,14,16.0,35,PD
X-2403,CRC,untreated,"UNKNOWN,Untreated",single,217.1,21,62.6,14,12.2,28,PD
X-2428,PDAC,untreated,"UNKNOWN,Untreated",single,-58.3,78,-34.4,99,99.0,99,PR
X-2470,PDAC,untreated,"UNKNOWN,Untreated",single,133.9,20,37.6,12,16.3,33,PD
X-2483,CRC,untreated,"UNKNOWN,Untreated",single,80.5,21,19.9,11,35.2,70,PD
X-2484,CRC,untreated,"UNKNOWN,Untreated",single,86.8,21,31.0,11,22.7,63,PD
X-2487,BRCA,untreated,"UNKNOWN,Untreated",single,407.1,18,96.9,11,6.0,18,PD
X-2524,BRCA,untreated,"UNKNOWN,Untreated",single,645.2,10,251.0,10,3.3,10,PD
X-2538,CRC,untreated,"UNKNOWN,Untreated",single,171.0,21,34.8,11,12.3,33,PD
X-2564,PDAC,untreated,"UNKNOWN,Untreated",single,168.3,21,15.9,13,17.1,37,PD
X-2573,CRC,untreated,"UNKNOWN,Untreated",single,348.9,23,106.8,14,7.6,23,PD
X-2602,CM,untreated,"UNKNOWN,Untreated",single,239.3,21,32.8,11,13.0,37,PD
X-2613,CM,untreated,"UNKNOWN,Untreated",single,549.6,16,179.1,13,3.4,16,PD
X-2633,PDAC,untreated,"UNKNOWN,Untreated",single,133.6,20,37.3,11,11.8,59,PD
X-2640,BRCA,untreated,"UNKNOWN,Untreated",single,21.1,10,24.7,20,36.1,125,SD-->PD
X-2659,CRC,untreated,"UNKNOWN,Untreated",single,259.8,23,48.3,13,11.4,23,PD
X-2684,PDAC,untreated,"UNKNOWN,Untreated",single,222.7,23,69.7,13,7.7,34,PD
X-2700,CM,untreated,"UNKNOWN,Untreated",single,342.6,21,71.2,14,9.4,27,PD
X-2723,CM,untreated,"UNKNOWN,Untreated",single,357.5,22,22.2,11,14.6,23,PD
X-2753,CM,untreated,"UNKNOWN,Untreated",single,349.2,24,93.4,12,6.5,24,PD
X-2780,BRCA,untreated,"UNKNOWN,Untreated",single,511.1,21,85.7,13,7.9,21,PD
X-2822,CRC,untreated,"UNKNOWN,Untreated",single,155.8,23,36.5,11,14.6,47,PD
X-2838,CM,untreated,"UNKNOWN,Untreated",single,305.3,21,38.7,11,14.1,25,PD
X-2846,CRC,untreated,"UNKNOWN,Untreated",single,310.4,25,127.9,11,4.0,25,PD
X-2861,CRC,untreated,"UNKNOWN,Untreated",single,127.3,21,40.6,11,16.2,47,PD
X-2921,CM,untreated,"UNKNOWN,Untreated",single,950.1,9,469.3,9,5.0,9,PD
X-2992,CM,untreated,"UNKNOWN,Untreated",single,660.7,14,314.5,14,3.0,14,PD
X-2997,PDAC,untreated,"UNKNOWN,Untreated",single,313.6,22,39.9,12,12.2,28,PD
X-3028,PDAC,untreated,"UNKNOWN,Untreated",single,252.3,24,61.1,13,9.2,29,PD
X-3029,NSCLC,untreated,"UNKNOWN,Untreated",single,-2.9,21,5.9,21,45.5,84,SD-->PD
X-3038,PDAC,untreated,"UNKNOWN,Untreated",single,165.5,20,74.5,13,11.4,31,PD
X-3052,PDAC,untreated,"UNKNOWN,Untreated",single,185.3,20,31.2,12,13.8,33,PD
X-3077,BRCA,untreated,"UNKNOWN,Untreated",single,173.4,32,16.2,11,14.6,46,PD
X-3078,BRCA,untreated,"UNKNOWN,Untreated",single,140.2,21,45.7,15,17.2,35,PD
X-3093,CRC,untreated,"UNKNOWN,Untreated",single,116.7,21,32.9,11,13.6,29,PD
X-3127,CM,untreated,"UNKNOWN,Untreated",single,105.3,24,31.6,14,18.1,43,PD
X-3201,BRCA,untreated,"UNKNOWN,Untreated",single,286.8,18,80.9,11,7.5,18,PD
X-3205,CRC,untreated,"UNKNOWN,Untreated",single,497.3,22,136.6,14,4.1,22,PD
X-3211,CM,untreated,"UNKNOWN,Untreated",single,37.4,22,7.9,16,32.7,67,PD
X-3224,CRC,untreated,"UNKNOWN,Untreated",single,-27.2,18,-14.9,18,96.8,110,SD-->PD
X-3237,NSCLC,untreated,"UNKNOWN,Untreated",single,241.2,9,105.6,9,5.3,9,PD
X-3267,CRC,untreated,"UNKNOWN,Untreated",single,10.4,11,4.0,11,76.0,88,SD-->PD
X-3268,PDAC,untreated,"UNKNOWN,Untreated",single,126.1,21,41.7,12,12.5,48,PD
X-3298,BRCA,untreated,"UNKNOWN,Untreated",single,136.6,24,58.9,13,14.8,52,PD
X-3450,BRCA,untreated,"UNKNOWN,Untreated",single,8.1,11,4.5,11,49.3,74,SD-->PD
X-3468,BRCA,untreated,"UNKNOWN,Untreated",single,215.9,21,37.6,11,12.0,39,PD
X-3483,CM,untreated,"UNKNOWN,Untreated",single,603.1,16,124.8,13,5.5,16,PD
X-3486,CM,untreated,"UNKNOWN,Untreated",single,606.2,22,133.0,13,5.8,22,PD
X-3503,CM,untreated,"UNKNOWN,Untreated",single,467.7,21,85.2,14,7.8,25,PD
X-3671,CRC,untreated,"UNKNOWN,Untreated",single,493.0,21,118.8,14,7.8,24,PD
X-3676,CM,untreated,"UNKNOWN,Untreated",single,342.6,9,140.3,9,3.8,9,PD
X-3697,BRCA,untreated,"UNKNOWN,Untreated",single,59.2,20,29.4,13,27.0,66,PD
X-3746,CM,untreated,"UNKNOWN,Untreated",single,686.5,22,121.7,13,6.5,22,PD
X-3773,CM,untreated,"UNKNOWN,Untreated",single,92.9,20,18.3,12,21.2,43,PD
X-3782,PDAC,untreated,"UNKNOWN,Untreated",single,150.6,20,27.3,14,16.9,37,PD
X-3792,CRC,untreated,"UNKNOWN,Untreated",single,527.7,21,121.8,14,7.3,28,PD
X-3800,PDAC,untreated,"UNKNOWN,Untreated",single,114.0,21,30.9,14,13.6,52,PD
X-3816,PDAC,untreated,"UNKNOWN,Untreated",single,122.2,20,17.4,11,18.7,35,PD
X-3843,NSCLC,untreated,"UNKNOWN,Untreated",single,395.5,18,77.1,11,6.9,18,PD
X-3846,PDAC,untreated,"UNKNOWN,Untreated",single,224.9,21,44.7,13,12.0,37,PD
X-3851,CM,untreated,"UNKNOWN,Untreated",single,212.2,23,22.8,12,15.7,26,PD
X-3873,BRCA,untreated,"UNKNOWN,Untreated",single,9.8,10,6.5,14,136.0,136,SD-->PD
X-3880,CM,untreated,"UNKNOWN,Untreated",single,556.8,21,128.7,13,5.4,21,PD
X-3898,PDAC,untreated,"UNKNOWN,Untreated",single,255.4,22,61.6,13,8.8,27,PD
X-3947,PDAC,untreated,"UNKNOWN,Untreated",single,356.2,20,73.9,13,5.9,21,PD
X-3990,PDAC,untreated,"UNKNOWN,Untreated",single,226.3,21,35.1,11,10.7,42,PD
X-4015,PDAC,untreated,"UNKNOWN,Untreated",single,250.2,22,34.1,11,11.3,24,PD
X-4018,PDAC,untreated,"UNKNOWN,Untreated",single,133.9,24,34.3,11,18.1,48,PD
X-4087,CRC,untreated,"UNKNOWN,Untreated",single,58.7,21,18.0,15,27.4,42,PD
X-4145,CRC,untreated,"UNKNOWN,Untreated",single,344.0,21,106.4,14,6.0,25,PD
X-4157,CM,untreated,"UNKNOWN,Untreated",single,239.7,20,52.9,14,11.2,28,PD
X-4215,PDAC,untreated,"UNKNOWN,Untreated",single,167.2,21,61.1,12,7.6,36,PD
X-4226,PDAC,untreated,"UNKNOWN,Untreated",single,83.7,24,28.5,13,19.0,40,PD
X-4316,PDAC,untreated,"UNKNOWN,Untreated",single,132.8,20,12.8,11,15.2,44,PD
X-4339,CM,untreated,"UNKNOWN,Untreated",single,89.3,20,39.5,16,20.8,45,PD
X-4347,BRCA,untreated,"UNKNOWN,Untreated",single,165.8,17,54.4,13,11.1,17,PD
X-4378,PDAC,untreated,"UNKNOWN,Untreated",single,87.3,21,25.3,12,26.4,63,PD
X-4426,CM,untreated,"UNKNOWN,Untreated",single,757.9,18,183.0,12,3.7,18,PD
X-4439,PDAC,untreated,"UNKNOWN,Untreated",single,120.4,23,31.7,13,17.7,51,PD
X-4455,CM,untreated,"UNKNOWN,Untreated",single,740.4,21,101.4,11,5.4,21,PD
X-4530,CM,untreated,"UNKNOWN,Untreated",single,233.7,22,41.3,11,12.4,33,PD
X-4538,CM,untreated,"UNKNOWN,Untreated",single,627.8,20,111.0,13,6.2,25,PD
X-4567,BRCA,untreated,"UNKNOWN,Untreated",single,325.6,20,94.6,14,7.8,27,PD
X-4644,CM,untreated,"UNKNOWN,Untreated",single,616.0,20,166.8,13,5.1,20,PD
X-4649,PDAC,untreated,"UNKNOWN,Untreated",single,74.7,22,23.4,11,24.4,60,PD
X-4668,CM,untreated,"UNKNOWN,Untreated",single,513.8,20,132.2,14,7.3,20,PD
X-4676,PDAC,untreated,"UNKNOWN,Untreated",single,267.0,20,70.8,13,6.9,29,PD
X-4819,NSCLC,untreated,"UNKNOWN,Untreated",single,253.4,5,123.8,5,3.0,5,PD
X-4824,BRCA,untreated,"UNKNOWN,Untreated",single,199.0,21,39.3,11,12.9,34,PD
X-4832,CM,untreated,"UNKNOWN,Untreated",single,498.4,14,289.5,14,6.0,14,PD
X-4849,CM,untreated,"UNKNOWN,Untreated",single,359.7,21,134.1,11,3.0,24,PD
X-4888,BRCA,untreated,"UNKNOWN,Untreated",single,93.4,21,31.3,11,22.0,56,PD
X-4927,PDAC,untreated,"UNKNOWN,Untreated",single,501.8,19,128.4,11,5.3,19,PD
X-4949,BRCA,untreated,"UNKNOWN,Untreated",single,615.5,20,154.8,14,4.6,20,PD
X-5189,CM,untreated,"UNKNOWN,Untreated",single,495.8,21,132.4,11,4.0,21,PD
X-5205,PDAC,untreated,"UNKNOWN,Untreated",single,268.6,20,75.7,13,7.5,30,PD
X-5249,BRCA,untreated,"UNKNOWN,Untreated",single,116.8,20,60.5,14,9.3,63,PD
X-5254,CRC,untreated,"UNKNOWN,Untreated",single,247.9,21,40.8,11,12.1,28,PD
X-5355,BRCA,untreated,"UNKNOWN,Untreated",single,118.3,21,32.4,11,14.7,56,PD
X-5405,CRC,untreated,"UNKNOWN,Untreated",single,280.2,21,63.1,14,9.0,28,PD
X-5438,CRC,untreated,"UNKNOWN,Untreated",single,1.7,15,-1.7,13,92.0,92,SD-->PD
X-5446,CRC,untreated,"UNKNOWN,Untreated",single,163.1,20,45.1,13,12.4,63,PD
X-5494,CRC,untreated,"UNKNOWN,Untreated",single,116.9,20,45.4,11,10.8,36,PD
X-5495,CRC,untreated,"UNKNOWN,Untreated",single,194.6,23,72.8,11,8.9,29,PD
X-5502,BRCA,untreated,"UNKNOWN,Untreated",single,4.6,11,2.5,11,48.7,88,SD-->PD
X-5578,CRC,untreated,"UNKNOWN,Untreated",single,283.4,21,57.3,14,9.9,33,PD
X-5975,BRCA,untreated,"UNKNOWN,Untreated",single,264.8,20,99.2,13,5.0,27,PD
X-6047,BRCA,untreated,"UNKNOWN,Untreated",single,405.4,14,126.3,11,4.7,14,PD
